Date,Away,Home,4 seam,Sinker,Slider,Sweeper,Change,Knuckle curve,Game score,Creepy analysis of facial hair,Normalized,IP,IP normalized,K,Evidence,Pic,Notes,bref
2026-03-28,ATH,TOR,98.7,96.9,90,85.1,83.7,84,68,Stache + scruff + soul patch,Stache + soul patch,5.1,5.333,12,CBC,x,,
2026-04-03,TOR,CWS,97.8,97.3,89.3,83.9,84.4,82.6,46,Stache + soul patch,Stache + soul patch,4.1,4.333,6,Video,x,,
2026-04-08,LAD,TOR,97.6,96.4,90.1,85.2,86.8,83.1,57,Stache + soul patch + scruff,Stache + soul patch,5,5,8,Video,x,,
2026-04-15,TOR,MIL,98.1,97.2,89.2,84,85.2,81.2,71,Stache + soul patch,Stache + soul patch,6,6,6,Video,x,,
2026-04-20,TOR,LAA,97.7,95.7,89.3,84.1,82.1,83.1,59,Stache + soul patch,Stache + soul patch,5,5,12,Video,x,,
2026-04-27,BOS,TOR,97.4,94.2,89.1,82.9,82.2,81.7,41,Stache + wide soul patch,Stache + soul patch,5.2,5.667,5,Video,x,,
2026-05-02,TOR,MIN,97.1,95.5,89.1,83.8,88.1,82.2,55,Stache + soul patch,Stache + soul patch,7,7,7,Video,x,,
2026-05-08,LAA,TOR,98.4,96.3,89,83.7,85.7,82.3,77,Stache + giant soul patch ,Stache + soul patch,7,7,10,Video,x,,
2026-05-13,TBR,TOR,97.9,96.9,89.4,81.8,83.5,83,73,Stache + tiny soul patch,Stache + soul patch,7,7,9,Video,x,,
2026-05-19,TOR,NYY,98.4,97.2,89.8,—,81.8,82.7,44,Stache + giant soul patch,Stache + soul patch,5,5,9,Video,x,,
2026-05-24,PIT,TOR,97.3,96,88.4,84.4,85.5,82.5,55,Stache + soul patch + SOMETHING else,Stache + soul patch,4.2,4.667,8,Video,x,,
2026-06-09,PHI,TOR,97.5,96.5,89.3,85.3,83.6,83.1,72,Short beard/scruff,Short beard,6,6,11,"CBC, Video",x,,
2026-06-16,TOR,BOS,98,96.8,89.6,84,83.1,81.6,62,Short beard,Short beard,5,5,7,Video,x,this video was originally for july 25 and said long beard! - recalc,
2026-06-22,HOU,TOR,97,96.1,89.2,83.7,84.9,83.7,59,Short beard/stache,Short beard,5.2,5.667,8,Video,x,,
2026-06-27,TEX,TOR,97.2,95.7,88.8,83.3,80.3,82,45,Short beard/stache ?? ,Short beard,4.2,5.667,10,Video,x,tough to get a good shot here,
2026-07-03,TOR,SEA,97.1,96,89.1,83.4,80.2,82.1,79,Full beard and stache,Full beard,7,7,9,Video,x,,
2026-07-08,TOR,SFG,97.7,96.9,89.1,83.5,80.1,82.3,88,Full beard and stache,Full beard,8,8,11,Video,x,No-hitter into the 9th,
2026-07-14,ASG,***,97.4,97.6,89.8,,81.7,81.8,55,Full beard and stache,Full beard,,,,,x,Statcast here,
2026-07-20,TBR,TOR,96.9,96.1,89.3,82.7,79.8,82.4,48,Full beard and stache,Full beard,6,6,7,Video,x,,
2026-07-25,TOR,BOS,95.8,94.3,87.6,81.4,79.4,80.7,94,Full beard and stache,Full beard,9,9,12,Video,x,One hit CG,
2026-07-31,STL,TOR,95.9,94.6,88.6,82.5,79,81.3,66,Long beard,Long beard,6,6,7,Video,x,,
2026-08-06,TOR,CHC,96.2,94.6,87.7,81.9,78.5,80.3,82,Long beard,Long beard,7,7,10,Video,x,,
2026-08-11,BOS,TOR,95.8,94.6,87.3,80.9,78.2,79.9,48,Long beard,Long beard,5,5,7,Video,x,,
2026-08-16,NYY,TOR,96,94.5,88.1,—,80.3,81.2,68,Long beard,Long beard,6.1,6.333,10,Video,x,,
2026-08-22,TOR,NYY,95.7,94.4,88,80.5,79.2,79.8,69,Long beard,Long beard,6.2,6.667,8,Video,x,No-hitter into the 7th,
2026-08-28,SEA,TOR,95.2,95,87.5,81.1,77.9,79.6,67,Long beard,Long beard,6,6,8,Video,x,,
2026-09-02,TOR,CLE,96.2,95.8,88.8,—,77.1,80.9,68,Long beard,Long beard,6,6,4,Video,x,,
2026-09-07,TOR,ATH,94.9,93.7,87.6,79.8,76.9,80.2,45,Stache + soul patch,Stache + soul patch,5,5,5,Video,x,,
2026-09-13,BAL,TOR,94.8,93.8,86.7,81.4,77.5,80.7,59,Stache + soul patch,Stache + soul patch,5,5,9,Video,x,,
2026-09-18,TOR,TEX,93.6,93.8,85.9,,78.1,77.9,39,Short beard + big stache,Short beard,2.2,2.667,3,,x,10.1,
